{"cameraMode":{"drawMode":0,"name":"Shaded","section":"Shading Mode"},"sceneLighting":false,"audioPlay":false,"sceneViewState":{"m_AlwaysRefresh":false,"showFog":true,"showSkybox":true,"showFlares":true,"showImageEffects":true,"showParticleSystems":true,"showVisualEffectGraphs":true,"m_FxEnabled":true},"in2DMode":false,"pivot":{"x":3.266869068145752,"y":-1.4892427921295167,"z":-0.016990110278129579},"rotation":{"x":0.07762355357408524,"y":-0.18628603219985963,"z":0.016831275075674058,"w":0.9788817167282105},"size":1.8948622941970826,"orthographic":false}