{"cameraMode":{"drawMode":0,"name":"Shaded","section":"Shading Mode"},"sceneLighting":true,"audioPlay":false,"sceneViewState":{"m_AlwaysRefresh":false,"showFog":true,"showSkybox":true,"showFlares":true,"showImageEffects":true,"showParticleSystems":true,"showVisualEffectGraphs":true,"m_FxEnabled":true},"in2DMode":false,"pivot":{"x":1.827979326248169,"y":1.0803086757659913,"z":-1.7732428312301636},"rotation":{"x":-0.037569042295217517,"y":-0.14468498528003694,"z":0.00651596300303936,"w":-0.9892473816871643},"size":0.10537650436162949,"orthographic":false}