{"cameraMode":{"drawMode":0,"name":"Shaded","section":"Shading Mode"},"sceneLighting":true,"audioPlay":false,"sceneViewState":{"m_AlwaysRefresh":false,"showFog":true,"showSkybox":true,"showFlares":true,"showImageEffects":true,"showParticleSystems":true,"showVisualEffectGraphs":true,"m_FxEnabled":true},"in2DMode":false,"pivot":{"x":1.4518342018127442,"y":-0.13256388902664185,"z":11.29043197631836},"rotation":{"x":-0.06201125308871269,"y":-0.045505672693252566,"z":0.002829999662935734,"w":-0.9971466660499573},"size":8.388065338134766,"orthographic":false}