{"cameraMode":{"drawMode":0,"name":"Shaded","section":"Shading Mode"},"sceneLighting":false,"audioPlay":false,"sceneViewState":{"m_AlwaysRefresh":false,"showFog":true,"showSkybox":false,"showFlares":true,"showImageEffects":true,"showParticleSystems":true,"showVisualEffectGraphs":true,"m_FxEnabled":true},"in2DMode":false,"pivot":{"x":589.6442260742188,"y":303.45758056640627,"z":12.765401840209961},"rotation":{"x":-0.04649348929524422,"y":-0.0047962660901248459,"z":0.0002456922666169703,"w":-0.9989554286003113},"size":49.92929458618164,"orthographic":false}