{"cameraMode":{"drawMode":0,"name":"Shaded","section":"Shading Mode"},"sceneLighting":false,"audioPlay":false,"sceneViewState":{"m_AlwaysRefresh":false,"showFog":true,"showSkybox":false,"showFlares":true,"showImageEffects":true,"showParticleSystems":true,"showVisualEffectGraphs":true,"m_FxEnabled":true},"in2DMode":false,"pivot":{"x":0.20015361905097962,"y":0.16473713517189027,"z":0.12080380320549011},"rotation":{"x":-0.053119074553251269,"y":0.944746732711792,"z":-0.1945815235376358,"w":-0.25813305377960207},"size":0.060618069022893909,"orthographic":false}